Name,Phone Number,City
Walter Reed,767-824-5317,Santa Ana
Barbara Flores,675-307-7006,Madison
Brian Carter,801-278-3558,Philadelphia
Wayne James,766-224-1668,Irvine
Jordan Patterson,324-753-8314,Tampa
Madison Barnes,241-518-6460,Boston
Ethan Simpson,864-597-8326,Virginia Beach
Pamela Cook,580-868-8696,Sacramento
Justin Jenkins,701-933-3233,Long Beach
Pamela Washington,369-558-9037,Portland
Jose Ellis,619-904-9239,Norfolk
William Castro,520-716-6893,New York
Grace Ward,541-364-7491,Seattle
Brenda Cook,848-635-9594,Saint Paul
Ethan Cooper,334-747-7961,Richmond
Hannah Long,204-524-8161,Louisville
Diane Jordan,731-658-3932,Scottsdale
Eric Hill,772-911-4862,Indianapolis
Douglas Graham,998-826-9782,Tulsa
Deborah Gomez,883-853-3113,Spokane
Sean Smith,275-686-7928,Milwaukee
Virginia Lee,875-540-5188,Charlotte
Nancy Hayes,758-833-2842,San Diego
Michelle Gutierrez,444-332-3397,Saint Paul
Patrick Cole,496-430-4514,Charlotte
Henry Johnson,292-851-3586,Aurora
Denise Reed,947-535-2569,Memphis
Ruth Fernandez,346-688-8960,Philadelphia
Julia Garcia,788-789-9493,Atlanta
Marilyn Tran,438-910-8738,Madison
Janice Webb,923-813-5268,Omaha
Juan Lopez,398-350-2864,Philadelphia
Cynthia Henry,844-802-7111,Plano
Gabriel Marshall,983-339-8615,Cleveland
Sharon Bailey,754-611-4059,Hialeah
Jack Chavez,589-757-7008,Raleigh
Judy Ortiz,604-396-8723,Madison
Martha Morris,744-432-3443,Nashville
Paul Kennedy,532-860-3241,New York
Julia Patel,433-999-1913,Mesa
Roy Ward,734-632-7201,Portland
Barbara Romero,426-273-3081,Cleveland
Julie Webb,930-886-3810,Chicago
Amber Peterson,752-848-2714,El Paso
Amanda Green,509-806-6390,Charlotte
Jack Peterson,717-449-7293,Denver
Dorothy Cook,860-203-4607,Anchorage
Douglas Cox,631-544-2173,Scottsdale
Jesse Patel,961-550-6942,Austin
Catherine Gray,984-508-9712,New Orleans
Margaret Garcia,499-532-4498,Long Beach
Victoria Owens,733-877-9685,Greensboro
Harold Sanchez,636-998-1617,Detroit
Gabriel Martin,818-693-9988,Toledo
Sharon Diaz,614-905-4412,Riverside
Kelly Olson,287-502-2555,Corpus Christi
Philip Alexander,521-258-8797,Orlando
Stephen Bennett,883-919-3731,Bakersfield
Austin Wells,971-664-2024,Irvine
Pamela Jordan,596-779-2456,Long Beach
Linda Washington,292-596-5048,Jersey City
Sean Patterson,302-797-6976,Minneapolis
Daniel Simpson,757-354-5993,Cleveland
Eric Myers,716-868-7338,Jacksonville
Eric Williams,418-264-9974,Milwaukee
Beverly Kennedy,718-522-4555,Indianapolis
Frances Gomez,686-342-6398,Chicago
Judith Morris,560-907-4113,Santa Ana
Peter Castillo,967-231-1715,Irving
Ashley Hall,327-634-8994,Jersey City
Raymond Allen,584-669-5546,Portland
Debra Gibson,464-264-6220,Riverside
Megan Walker,291-620-6015,Minneapolis
Bobby Martinez,207-325-5047,Chula Vista
Julie Fernandez,485-536-5716,Buffalo
Beverly Ortiz,318-755-3572,Miami
Brandon Brooks,491-791-6627,Riverside
Patricia Thomas,327-580-3972,Albuquerque
Dennis Patel,996-512-3986,Boston
Tyler Anderson,485-513-1303,Orlando
Stephanie Miller,681-519-2272,Durham
Linda Guzman,734-273-2969,Philadelphia
Raymond Green,489-904-4793,Richmond
Brittany Hughes,928-995-4519,Greensboro
Rebecca Sullivan,256-811-4514,Norfolk
Philip Moreno,779-908-8255,Louisville
Anthony Gonzalez,267-531-1752,Omaha
Aaron Ellis,352-356-1392,Baltimore
Gerald Gonzales,235-452-6469,Newark
Noah Parker,747-510-9624,Albuquerque
Thomas Lopez,336-467-6154,Memphis
Russell Patterson,525-955-9787,Laredo
Christina Green,421-311-2662,Greensboro
Kathleen Reed,813-813-5485,Saint Paul
Brian Howard,259-706-4312,Fremont
Alexis Carter,644-510-9046,Henderson
Cynthia Hall,869-617-9673,Oakland
Sandra Mendoza,878-345-5411,Garland
Ralph Myers,369-774-9797,Anaheim
Lisa Roberts,267-993-4412,Baltimore
Jordan Watson,567-750-9028,Indianapolis
Gabriel Gutierrez,432-884-9527,Riverside
Judith Wallace,341-944-1923,New York
Bruce Alvarez,625-577-8496,Newark
Lauren Fisher,617-378-6651,Glendale
Susan Reyes,271-949-6085,Miami
Sophia Ramos,355-875-1424,Lincoln
Joe King,915-213-3305,Chandler
Lori Medina,758-550-9651,Jersey City
Gabriel Fernandez,798-844-8296,Richmond
Tyler Rogers,618-463-8670,Charlotte
Janet Rivera,965-648-6800,Philadelphia
Brenda Alvarez,304-711-6541,Richmond
Rachel Williams,682-923-8417,Tampa
Peter Bennett,823-893-2409,Spokane
Vincent Reyes,522-752-7385,Richmond
Vincent Brooks,490-701-2056,Nashville
Joe Thompson,814-801-6215,Charlotte
Alexis Adams,478-923-1465,Aurora
Matthew Wright,236-985-2244,Baton Rouge
Matthew Long,716-672-2312,Glendale
Matthew White,244-732-1580,Durham
Nancy Gray,643-487-7466,Pittsburgh
Diane Patterson,294-879-6636,Philadelphia
Brittany Lee,674-467-2430,Denver
Lauren Ramirez,738-281-5279,Fresno
Edward Baker,379-743-7512,Detroit
Ralph Cruz,374-962-4950,Columbus
Logan Ruiz,401-432-1319,San Francisco
Marilyn Cox,842-950-3713,Wichita
Philip Harrison,597-466-4777,Santa Ana
Paul Woods,572-736-5147,New York
Julie Miller,474-226-9506,Los Angeles
Joyce Stewart,456-984-4067,Boise
Kayla Wood,668-771-3798,Tampa
Shirley Ross,701-259-5334,Stockton
Denise Wood,274-275-3385,Richmond
Gabriel Parker,743-966-1101,Omaha
Henry Medina,707-388-7641,Cleveland
Joe Garcia,797-719-7043,Cleveland
Gloria Smith,365-732-7181,San Francisco
Sophia Peterson,826-921-2856,Riverside
Gloria Robinson,870-460-7230,Long Beach
Ryan Romero,831-310-9742,Phoenix
Janet Morales,871-538-8001,Albuquerque
Kathleen Patel,497-773-9433,Chicago
Roger Ramos,430-557-3001,Chandler
Larry Reynolds,811-357-9961,Denver
Kyle Gibson,825-587-4200,Houston
Judy Clark,716-252-2008,Oakland
Julia Hayes,253-745-9519,Chandler
Eric Ruiz,862-390-1179,Honolulu
Brandon Robinson,759-863-7945,Newark
Benjamin Wells,521-495-8301,Anchorage
Keith Peterson,900-325-8524,Pittsburgh
Brandon Lewis,311-547-3495,Newark
Andrew Anderson,267-273-6973,Lexington
Bobby Rivera,302-437-6923,Denver
Natalie Wright,767-463-3085,Bakersfield
Russell Allen,632-663-2206,Oklahoma City
Wayne Watson,874-791-8435,Riverside
Christina Howard,660-333-9246,Detroit
Emily Ramos,535-982-6338,Richmond
Arthur Thomas,331-691-7994,Kansas City
Roy Henderson,523-225-4152,Henderson
Roy Tucker,874-727-2928,Hialeah
Barbara Reed,394-999-4798,Lubbock
Stephanie Rogers,303-335-2463,Irving
Gabriel Bailey,476-438-4403,Hialeah
Doris Gonzales,789-847-6634,Buffalo
Arthur Morales,981-758-8252,Raleigh
Heather Moreno,486-375-7962,San Francisco
Gabriel Parker,597-213-5478,Toledo
Brittany Aguilar,750-952-4199,Fremont
Kyle Hill,411-477-9386,Miami
Amanda Jimenez,557-332-5446,Cleveland
Olivia Kelly,940-561-6169,Lexington
George Powell,928-826-1455,Santa Ana
Rebecca Allen,283-393-7908,Corpus Christi
Joshua Walker,582-414-3199,Bakersfield
Alexis Ellis,917-500-2701,Winston-Salem
Jesse Rogers,940-964-3853,Lexington
Margaret Mitchell,948-200-4735,Buffalo
Andrea Bryant,464-889-2802,Jersey City
Ryan Thompson,989-770-8314,Seattle
Timothy Richardson,587-837-1569,Spokane
Janice Porter,427-662-6906,Tucson
Cynthia Porter,393-539-6255,Sacramento
Thomas West,540-298-1178,New York
Maria Martin,762-650-1591,Indianapolis
Aaron Ross,350-531-5773,Nashville
Kimberly Castillo,221-278-5638,Kansas City
Richard Simpson,686-991-9931,Austin
Ryan Collins,486-451-3102,Oklahoma City
Evelyn Green,885-985-5094,Charlotte
Brenda Russell,632-457-2498,Boston
Stephanie Williams,354-778-6216,Austin
Wayne Hamilton,421-245-6089,Chula Vista
Gregory Carter,602-239-6698,Anaheim
Teresa Roberts,326-893-1413,Winston-Salem
William Adams,427-995-3743,Spokane
Kathryn Jimenez,281-305-2688,Riverside
Emily Reed,656-929-8070,Bakersfield
Virginia Baker,896-519-9263,Detroit
Shirley Hill,414-612-2301,Jersey City
Jean Bell,323-821-9539,Richmond
Joan Romero,478-442-6668,Lubbock
Bryan Brooks,797-609-9180,Detroit
Matthew Cole,799-982-4979,Pittsburgh
Johnny Nelson,825-300-9743,Boston
Wayne Stewart,236-855-5413,Lubbock
Elijah Vargas,798-400-3434,Boise
Patricia Martin,515-483-7355,Anaheim
Jacqueline Sanders,952-495-7641,Greensboro
Christine Martinez,465-296-1281,Detroit
Danielle Johnson,707-324-1230,Philadelphia
Ethan Morales,539-473-3718,Norfolk
Larry Reed,801-486-3511,Austin
Henry Gutierrez,285-913-4157,Riverside
Adam Anderson,616-598-9353,Winston-Salem
Roger Vasquez,401-529-3101,San Jose
Charles Castro,743-442-6611,Chicago
Joshua Ortiz,270-784-8229,St. Petersburg
Kathleen Burns,301-979-9266,Laredo
Sarah Foster,594-299-6620,Madison
Denise Mitchell,669-893-2356,Minneapolis
Michelle Green,338-309-9702,Las Vegas
Helen Crawford,769-964-5379,Indianapolis
Julie King,862-637-7280,Scottsdale
Hannah Hernandez,882-704-8594,Denver
Evelyn Green,902-768-7753,Durham
Patricia Wallace,396-865-2130,Bakersfield
Katherine Martinez,318-513-1693,Boston
Philip Turner,412-862-8046,Jersey City
James White,228-262-6544,Aurora
Ruth Gibson,472-523-9389,Stockton
Janice Sullivan,602-426-4332,Cleveland
Mark Cox,874-646-7351,Pittsburgh
Rachel Williams,382-405-2195,Boise
Joyce Hamilton,698-891-5711,Lexington
Richard Reynolds,695-417-5744,Las Vegas
Jacob Harrison,965-957-9972,Toledo
Jesse Burns,637-323-7098,Greensboro
Olivia Kelly,891-263-4691,St. Petersburg
Patricia Owens,407-961-1118,Indianapolis
Ruth Richardson,705-572-8183,Henderson
Matthew Lee,756-513-6079,Seattle
Noah White,717-729-2023,Greensboro
Gary Coleman,796-562-4122,Saint Paul
Aaron Marshall,415-565-5000,Chesapeake
Samantha Freeman,326-205-3678,Bakersfield
Brenda Harrison,791-832-7757,Pittsburgh
Kathryn Martinez,655-867-1283,Louisville
Martha Ford,439-455-3171,Chesapeake
Christina Perry,621-848-8164,Cleveland
Jason Woods,760-360-3635,Las Vegas
Michelle Butler,632-789-4849,Newark
Christopher Green,538-209-8042,San Antonio
Noah Stewart,849-829-8974,Fremont
Jacob Ellis,482-808-6165,Irvine
Cheryl Harrison,359-932-9513,Chula Vista
Jack Burns,460-338-9961,Louisville
Henry Allen,497-751-7073,Winston-Salem
Jean Chen,381-847-3972,Virginia Beach
Maria Porter,848-511-3492,Fort Worth
Cynthia Rodriguez,388-367-5252,Lubbock
Gregory Cruz,939-889-7044,Plano
Cynthia Patterson,453-460-9729,Baton Rouge
Sarah Ward,283-218-5462,Irvine
Jeremy Anderson,200-745-3002,Toledo
Kyle Vargas,500-543-2879,Durham
Marie Marshall,887-427-1346,Sacramento
Russell Jordan,405-691-9555,Wichita
Frances Fisher,290-944-1820,Plano
Isabella Powell,351-811-8645,Spokane
Peter Sanchez,449-985-3776,Virginia Beach
Samantha Campbell,999-698-9669,Boise
John Brown,905-498-7999,Albuquerque
Jordan Alvarez,610-391-4727,Tampa
Cheryl Cruz,666-505-2776,Milwaukee
Ralph Henry,300-916-7178,Plano
Frank Morris,401-574-8591,Fort Worth
Ethan Johnson,814-653-9461,Phoenix
Kathleen Anderson,346-813-6800,Sacramento
Deborah Diaz,584-970-5170,Charlotte
Logan Morris,935-795-1838,Fort Worth
Joshua Woods,756-770-4252,Indianapolis
Raymond Alexander,834-730-8223,Riverside
Kimberly Collins,663-780-9381,Milwaukee
Lisa West,496-891-4923,Long Beach
Christina Collins,251-644-5574,Kansas City
Janice Garcia,670-654-4543,Fremont
Margaret Graham,728-800-8918,Colorado Springs
Helen Evans,875-478-6022,Scottsdale
Matthew Harrison,211-968-5331,Seattle
Natalie Flores,633-918-3723,Fort Wayne
Margaret Harrison,274-824-9887,New York
Randy Barnes,236-639-7668,New York
Kathleen Griffin,758-349-5668,Tacoma
Tyler Vasquez,988-576-9409,Stockton
Scott Bryant,869-442-4532,San Diego
Charlotte Coleman,439-787-3441,Durham
Gregory Alexander,572-460-2137,Newark
Lisa Baker,235-779-7411,Charlotte
Heather Watson,638-642-9080,New Orleans
Beverly Miller,297-959-7382,Chula Vista
Janet James,276-972-9601,Atlanta
Logan Hayes,805-918-5788,New Orleans
Roy Vasquez,946-832-2122,Buffalo
Bruce Perry,994-422-5040,Omaha
Megan Brown,988-502-2644,Fremont
Cynthia Murray,759-941-4715,Chandler
Grace Jenkins,535-562-4868,Colorado Springs
Brittany Baker,775-968-3904,Oakland
Virginia Parker,315-899-1854,Bakersfield
Nancy Stevens,913-984-3794,Anaheim
Jose Cox,554-336-2852,Bakersfield
Ruth Ellis,842-262-4467,Denver
Joseph Martin,385-635-4239,Plano
Brandon Rogers,979-353-2414,Garland
Austin Castro,491-615-4716,Irvine
Emma Patel,538-662-7883,Jersey City
Heather Carter,261-824-5596,Anchorage
Shirley Clark,297-592-8248,Mesa
David Edwards,412-771-6309,Miami
Diane Rivera,231-383-6679,New York
Victoria Fisher,884-315-1806,Pittsburgh
Patrick Walker,788-666-4763,Portland
Henry Allen,916-596-3002,Laredo
Hannah West,441-363-5375,Indianapolis
Roy Wells,898-426-5404,Wichita
Richard Bailey,562-967-7411,Newark
Karen Jones,996-356-3579,Lubbock
Laura Medina,835-487-5626,Laredo
Thomas Graham,553-750-7552,Stockton
Anna Rivera,592-300-5206,Toledo
Maria Edwards,342-717-2679,Tampa
Lori Wilson,644-629-7984,Indianapolis
Gary Sanchez,388-446-9214,Colorado Springs
Timothy Morris,443-995-4722,Saint Paul
Emily Davis,598-339-2364,Fort Wayne
Larry Cook,467-973-4306,Sacramento
Amanda Patterson,820-210-2105,Austin
Kevin Fernandez,856-510-9915,Raleigh
Deborah Ward,759-740-6877,San Jose
Joan Burns,318-860-6228,Toledo
Margaret Taylor,251-313-1933,Fort Worth
Judy Richardson,355-326-5705,Washington
Jesse Clark,214-510-9085,Jacksonville
Adam Phillips,612-543-3331,Orlando
Frank Brooks,912-446-8682,Honolulu
Justin James,465-743-2697,Louisville
Evelyn Alexander,398-978-9119,Tampa
Zachary Gonzales,534-930-4674,Tulsa
Nicholas Wells,926-357-8867,Raleigh
Sandra Perez,572-508-7861,Cincinnati
Denise White,872-418-1674,Reno
Billy Wright,750-275-1407,Jacksonville
Janet Graham,445-652-8834,Minneapolis
Gloria Watson,679-682-1327,Kansas City
Brian Wallace,271-833-1978,Charlotte
Helen Washington,530-603-8974,Lincoln
Albert Crawford,523-462-3899,Toledo
Sandra Rodriguez,407-409-4918,Nashville
Billy Martin,833-397-3594,Fremont
Jacqueline Edwards,990-557-8093,Henderson
Cheryl Anderson,847-865-9593,Fort Worth
Douglas Nguyen,603-427-3357,Winston-Salem
Randy Castro,301-891-6682,Virginia Beach
Douglas Simpson,651-380-8890,Glendale
Elijah Chen,755-525-7859,Spokane
James Flores,378-363-1649,Jacksonville
Kathryn Ford,772-578-7249,Madison
Michelle Wood,590-235-1419,Fort Worth
Nathan Chavez,324-270-3134,Jacksonville
Linda Reed,966-895-6381,Winston-Salem
Barbara Vargas,548-486-2287,Laredo
Ann Harrison,685-319-8554,Tucson
Diana Ward,783-311-5449,Gilbert
Gloria Hamilton,881-564-9699,Wichita
Jonathan Webb,601-957-8995,San Jose
Joan Tucker,975-493-4681,New York
Shirley Hayes,935-890-9474,Louisville
Eugene Wood,721-367-9673,Winston-Salem
Carolyn Davis,564-924-1782,Kansas City
Pamela Ross,785-725-1576,Buffalo
Janice Baker,923-976-1422,Los Angeles
Eric Walker,677-921-2877,Santa Ana
Julia White,587-356-1375,Oklahoma City
Joyce Baker,239-509-6338,Durham
Ronald Bailey,636-457-7532,Jersey City
Jerry Davis,950-631-8262,Irvine
Debra Freeman,238-240-2803,Washington
Alexis Myers,654-726-7451,Jersey City
Jennifer Rivera,248-795-8108,Sacramento
Emma Butler,306-822-9686,Sacramento
Christian Williams,530-596-9484,Baton Rouge
Alexander Cole,287-310-6503,Houston
Ronald Nguyen,287-909-2324,New Orleans
Lori Edwards,796-919-9853,Wichita
Benjamin Sullivan,978-218-7124,San Jose
Gerald Butler,699-850-7227,Chicago
Juan Vargas,708-551-1406,Washington
Teresa Medina,633-345-9203,Louisville
Shirley Jenkins,732-551-7615,Scottsdale
Wayne Jimenez,318-421-5203,Philadelphia
Justin Moreno,906-774-4279,Baton Rouge
Catherine Baker,522-580-7545,San Diego
Grace Lopez,772-931-6133,Miami
Kelly Martin,386-998-7733,Minneapolis
Sean Carter,934-288-2832,Long Beach
Helen West,467-340-8564,Richmond
David Perry,750-951-1226,Colorado Springs
Sarah Ruiz,947-936-5953,Richmond
Justin Martin,332-834-6937,Fort Worth
Alice Reyes,930-390-1540,Madison
Susan Hunter,656-422-1366,Bakersfield
Heather Reynolds,988-266-5141,Gilbert
Christopher Marshall,322-575-9304,Honolulu
Elijah Washington,893-956-4280,Lexington
Donna Carter,248-543-5001,Miami
Sean Baker,466-256-1096,Wichita
Amy Campbell,781-894-6023,Hialeah
Susan Morales,225-328-6939,Santa Ana
Jacqueline Wright,313-258-6797,San Antonio
Ryan Parker,264-872-6512,Lincoln
Nicholas Allen,687-217-2846,Chula Vista
Roy Alexander,305-716-7578,Atlanta
Jose Moore,778-816-9373,Austin
Jacqueline Fisher,300-767-3224,Arlington
Diane Sullivan,578-891-8062,Durham
Alexis Hunter,828-913-8493,Austin
Diana Garcia,749-931-5166,Colorado Springs
Brenda Wallace,677-231-1121,Long Beach
Madison Tran,648-386-5756,Arlington
Roger Harris,644-910-5286,Madison
Joseph Williams,579-925-2124,Wichita
Justin Reyes,767-702-1849,Denver
Christopher Hayes,339-840-2079,Houston
Dorothy Jordan,602-972-3548,Greensboro
Edward Herrera,233-729-8264,Hialeah
Amber Phillips,697-922-3125,Phoenix
Victoria Butler,886-909-2917,Long Beach
Billy Mendoza,633-916-9644,Richmond
Alexis Guzman,903-834-3795,Louisville
Matthew Patel,605-228-6507,Durham
George Stevens,824-422-5877,Raleigh
John Scott,788-628-9637,Albuquerque
Emily Bailey,494-214-5383,Albuquerque
Lori Harrison,898-772-1612,Seattle
Nathan Martin,445-664-7104,Sacramento
Kayla Tran,798-809-5246,Chandler
Bryan Freeman,958-973-1981,San Antonio
Karen Davis,328-772-8510,Henderson
Philip Griffin,661-912-7600,Norfolk
Anna West,879-962-1558,Henderson
Richard Stewart,730-220-2477,Colorado Springs
Stephen Kim,563-911-7039,Boise
Shirley Herrera,456-855-6133,Portland
Theresa Diaz,395-498-1966,Phoenix
Maria Hamilton,549-949-2019,Columbus
Anthony Harrison,418-203-4354,Fort Worth
Teresa Cooper,497-561-2363,Orlando
Danielle Brown,577-716-9206,Jersey City
Louis Morales,798-500-9764,Detroit
Joan Harris,751-988-1655,Lincoln
Emma Russell,585-680-6335,Oklahoma City
Gloria Thomas,518-225-2737,Denver
Elizabeth Gomez,636-514-4014,Honolulu
Amanda Hernandez,458-484-8455,Lincoln
Grace Perez,478-760-9738,Fremont
Brian Price,235-260-2538,Arlington
Keith Lewis,319-557-2030,Miami
Hannah Gonzales,960-808-5197,Honolulu
Judy Taylor,880-319-9032,Lincoln
Henry Bailey,538-508-6673,Winston-Salem
Jacob Moore,682-328-1746,Scottsdale
Martha Patterson,569-406-2232,Louisville
Christina Griffin,476-958-9573,Detroit
Teresa Brooks,771-596-4517,Stockton
Nathan Wallace,836-228-5023,Jersey City
Pamela Gibson,840-523-5656,Richmond
Edward Sanchez,746-977-4223,Virginia Beach
Logan Washington,898-882-8486,Plano
Amber Davis,776-280-9773,Glendale
Abigail Richardson,412-442-8041,Bakersfield
George Collins,937-406-8295,Santa Ana
Carol Fernandez,672-581-8022,Colorado Springs
Carl Price,243-315-4033,Buffalo
Timothy Burns,864-684-6352,Long Beach
Gary Rogers,881-329-5183,Mesa
Donna Wright,938-348-9123,Milwaukee
Maria Bennett,400-811-2550,Irving
Melissa Alexander,433-345-9309,Oklahoma City
Jason Miller,336-454-3643,San Francisco
Ashley Price,927-642-4119,Miami
Larry Rodriguez,257-295-1686,San Diego
Joshua Flores,727-902-4297,Fremont
Ethan Freeman,293-408-1712,Cincinnati
Amanda Patterson,359-595-8638,Santa Ana
Patricia Phillips,721-479-8181,Garland
Daniel Powell,723-651-2022,Los Angeles
Julia Wallace,979-739-2083,Durham
Marilyn Bennett,291-748-5029,Aurora
Susan Ross,456-719-7078,Philadelphia
David Patterson,612-901-5720,Louisville
Ralph Mitchell,718-328-2714,Anaheim
Lori Romero,593-510-6431,Phoenix
Shirley James,758-712-6996,Chandler
Ralph Russell,879-254-2461,Milwaukee
Jordan Ellis,337-965-7918,Cleveland
Sandra Ford,354-820-4634,Tacoma
Sean Murphy,345-581-5961,Honolulu
Karen Aguilar,266-616-2631,Boston
Benjamin Miller,240-345-9313,Milwaukee
Marie Brooks,273-926-8085,Charlotte
Denise Medina,473-365-2466,Reno
Ralph Hall,399-913-5780,Detroit
Katherine Morris,759-810-1185,Seattle
Kyle Simmons,674-766-8265,Arlington
Paul King,496-774-1476,Colorado Springs
Steven Gonzalez,978-659-8347,Mesa
Dylan Hayes,814-512-6634,El Paso
Alexander Owens,412-565-8966,Albuquerque
Joyce Thompson,700-816-7772,Scottsdale
Jacob Martin,527-413-4395,Tulsa
Anna Stewart,929-625-8519,Kansas City
Kimberly Scott,367-765-5357,Austin
Catherine Gray,841-504-7864,Newark
Brittany Simmons,446-961-1606,Phoenix
Jonathan White,663-698-2717,Corpus Christi
Christopher Thomas,622-393-6027,Lincoln
Gerald Kelly,815-402-4922,Durham
William Allen,256-442-6657,Chicago
William Chavez,550-413-6774,Houston
Janet Nelson,466-854-7368,Irvine
Christopher Ellis,711-779-9886,Jacksonville
Hannah Anderson,927-529-6892,Corpus Christi
Julie Green,833-222-4085,Corpus Christi
William Webb,717-859-1611,Austin
Kathleen Morris,495-365-3657,San Antonio
Amanda Hall,534-864-1346,St. Petersburg
Nicole Perez,355-354-2048,Winston-Salem
Logan Castro,471-865-5277,Boise
Elizabeth Parker,316-548-4466,Riverside
Ralph Nelson,313-997-8149,Pittsburgh
Stephen Lopez,519-210-2242,Chula Vista
Thomas Ford,929-882-1308,Irving
Virginia Vargas,727-660-4314,Las Vegas
Eugene McDonald,307-645-8397,Orlando
Joyce Coleman,544-787-6944,Chicago
Roger Henry,206-992-8981,Jacksonville
Jonathan Henderson,705-429-6830,Saint Paul
Jennifer Patterson,564-506-6544,Saint Paul
Juan Morgan,939-448-8342,Aurora
Benjamin Peterson,531-525-8018,Fort Worth
Jacob Patel,902-208-9774,Cincinnati
Edward Morales,585-874-9307,Jersey City
Elizabeth Kennedy,305-288-8192,Lincoln
Carl Brooks,284-570-3284,Tulsa
Logan Lopez,654-922-3445,Scottsdale
Philip Martinez,958-897-9767,Chicago
Brandon Ramos,521-729-5806,Fort Wayne
Kathryn Roberts,974-286-1046,Newark
Marilyn Murray,286-895-5523,Chandler
Abigail Moreno,493-939-8328,Stockton
Zachary Lee,423-759-7383,Chesapeake
Jason Young,255-250-1695,Greensboro
Justin Gonzalez,478-594-3100,Plano
Judy Lee,660-405-2499,Long Beach
Emma Gonzales,422-236-8168,Kansas City
Dorothy James,752-213-5190,Tucson
Heather Rogers,720-602-4125,Milwaukee
Cynthia Alexander,801-457-4428,Raleigh
Kayla Hunter,211-657-6274,Memphis
Frances Gray,298-652-2147,Lincoln
Kathleen Ramos,567-487-9177,Irving
Danielle Green,263-814-8868,Plano
Kimberly Chen,439-522-5847,Scottsdale
Roy Gutierrez,744-664-9108,Henderson
Karen Griffin,796-487-5217,New York
Stephanie Brown,376-410-8387,El Paso
Jennifer Perez,288-622-1078,Raleigh
Linda Jenkins,237-682-9061,Tacoma
Vincent Johnson,926-738-1563,St. Petersburg
Kelly Miller,321-998-3313,Phoenix
Emma Kim,570-455-3445,St. Petersburg
Amy Myers,876-821-2069,Detroit
Abigail Olson,661-274-2631,Austin
Terry Green,264-672-6360,Louisville
Pamela Patterson,462-744-6156,Sacramento
Louis Peterson,438-370-1544,Jacksonville
Judith Gutierrez,489-989-5697,Irving
Frank Mendoza,506-726-3540,Madison
Megan Davis,311-508-4532,Kansas City
Jason Gray,906-693-4475,Baton Rouge
Sarah Foster,774-555-6718,Indianapolis
Diane Miller,647-731-1912,Detroit
Nathan Sanders,578-769-3257,Cincinnati
Olivia Morris,733-429-9127,Chesapeake
Jennifer Long,779-293-2389,Memphis
Charlotte Moreno,728-597-3178,Plano
Douglas Woods,603-516-9896,Los Angeles
Bruce Campbell,721-974-1661,Spokane
Ann Allen,774-345-7808,Tacoma
Charles Alvarez,714-261-7456,Lubbock
Cheryl Crawford,955-881-2508,Milwaukee
Katherine Simpson,425-502-9602,New York
Juan Simpson,991-601-5418,Reno
Ryan Bennett,657-414-6765,Spokane
Jessica Cole,589-845-1651,Chula Vista
Lisa Martin,334-444-1118,Tucson
Barbara Ruiz,679-967-2174,Anchorage
Marie Morgan,802-816-4774,Charlotte
Susan Lee,570-385-7893,Tulsa
Juan Castro,467-976-8049,San Jose
Andrew Patel,844-708-3963,Spokane
Joshua Henry,505-869-6664,Chandler
Christian Ellis,979-803-8110,Henderson
Sara Jimenez,657-700-1965,Boise
Bruce Young,762-970-3219,Newark
Kevin Watson,608-680-5437,Raleigh
Thomas Ruiz,576-540-6056,Oakland
Katherine Jordan,360-730-8132,El Paso
Judith Thompson,593-539-4322,Garland
Raymond Gray,263-903-2275,Chicago
Bryan Howard,331-421-6727,Austin
Ruth Anderson,605-444-3316,Charlotte
Jennifer Lopez,950-772-9996,Las Vegas
Shirley Smith,715-857-2281,Miami
Theresa Woods,257-423-1608,Boston
Lawrence Wright,342-530-7555,Oakland
Brittany Freeman,480-287-3069,Spokane
Jonathan Wells,496-263-2469,Chicago
Judith James,906-233-1030,Irvine
Johnny Cox,589-327-1126,Honolulu
Jeremy Green,422-463-3074,Saint Paul
Joseph Jimenez,923-296-4200,Fort Worth
Henry Bennett,739-341-4321,Reno
Frank Robinson,437-299-9487,Oklahoma City
Nathan Vargas,202-336-7970,San Jose
Theresa Aguilar,628-363-7002,Spokane
Linda Hunter,972-367-5401,Tampa
Vincent Chavez,352-744-9669,Santa Ana
Sandra Burns,302-886-6135,Virginia Beach
Walter Moreno,803-204-7480,Jersey City
Carolyn Evans,566-394-2779,Omaha
Wayne Thomas,312-602-9327,Garland
Russell Reyes,379-639-2433,El Paso
Martha Kim,408-671-2093,Santa Ana
Jonathan Murray,712-670-7046,Philadelphia
Russell Castro,609-754-8325,Norfolk
Beverly Graham,528-539-4295,Minneapolis
Sandra Jordan,316-357-4752,Plano
Harold Rodriguez,376-240-1869,Hialeah
Grace Baker,504-614-4439,Toledo
Helen Marshall,702-849-2714,Washington
Kevin Foster,331-204-6427,Philadelphia
Amanda Watson,859-542-6826,Oakland
Jessica Moore,882-537-8938,Jersey City
Mary Watson,375-597-2004,Miami
Gabriel Brooks,726-225-5739,Pittsburgh
Emily Vargas,353-862-3901,Aurora
Roger Guzman,253-670-5631,Virginia Beach
Lisa Ford,631-646-8355,Sacramento
Grace Ramirez,899-911-8296,Tacoma
Bryan Howard,283-958-7375,Cleveland
Nicholas Cox,292-691-8792,Scottsdale
Roger Kim,758-649-1683,Chicago
Rebecca Scott,587-672-2632,Washington
Jacqueline Wright,847-615-5369,Philadelphia
Jean Murphy,760-305-9879,Newark
Aaron Alexander,865-839-9594,Tucson
Doris Robinson,494-207-4954,Indianapolis
Kimberly Crawford,841-394-3271,Fremont
Doris Ward,913-520-4017,Lexington
Matthew Ruiz,585-348-3282,Dallas
Amanda James,529-329-7810,Memphis
Linda Nelson,241-387-4118,Chicago
Albert Hayes,861-769-4159,Long Beach
Peter Marshall,490-817-5098,Oklahoma City
Grace Carter,273-447-6238,Henderson
Marilyn Olson,513-473-3384,Hialeah
Doris Bailey,851-581-3518,Oklahoma City
Lawrence Ramos,876-297-7799,Boston
Stephen Wallace,679-232-4927,North Las Vegas
Rebecca Thomas,865-418-1132,Orlando
Anna Collins,671-808-7658,New York
Angela Morgan,802-449-4200,Reno
Harold Patel,558-497-2053,New Orleans
Catherine Reed,457-747-7353,Corpus Christi
Russell Patterson,610-547-8657,Philadelphia
Paul Barnes,862-974-8179,Milwaukee
Catherine Murphy,800-537-4699,Fort Worth
James Castillo,494-745-8586,Atlanta
Kayla Gonzalez,542-458-8896,Miami
Wayne Price,823-559-7964,Buffalo
Theresa Reynolds,650-770-7090,Orlando
Ronald Owens,705-727-9506,Pittsburgh
Stephanie Watson,528-939-9548,Long Beach
Patricia Martin,841-446-5183,Santa Ana
Barbara Bryant,608-405-9462,Cincinnati
James Morgan,313-836-3969,Pittsburgh
Maria Campbell,497-748-3480,Norfolk
Stephen Moore,610-440-5309,Miami
Jerry Richardson,958-288-3765,Arlington
Linda Simpson,788-417-1792,Raleigh
Doris Gomez,982-660-8894,Portland
Angela Harris,952-932-7204,Las Vegas
Michelle Torres,386-929-8369,Irving
Sharon Ramirez,635-941-6276,Dallas
Sarah Phillips,578-967-7565,Cincinnati
Joan Herrera,350-735-7923,Baltimore
Joe Morales,920-938-5445,Honolulu
Roy Scott,670-813-9393,Santa Ana
Betty Hayes,612-428-1083,Mesa
Carolyn Wood,728-272-6557,Fort Worth
Victoria Campbell,608-884-8020,Mesa
Roy Bennett,621-787-3064,Spokane
Ann Mitchell,751-345-8678,Corpus Christi
Brandon Castillo,758-632-5806,Baltimore
Gabriel Hernandez,404-420-9785,Anaheim
Beverly Price,911-963-9045,Cleveland
Jerry Fisher,509-328-8707,North Las Vegas
Arthur Graham,831-739-7615,Baton Rouge
Frances Stewart,510-235-9920,New Orleans
Philip Edwards,980-951-9461,Nashville
William Griffin,941-900-5314,Corpus Christi
Samantha Campbell,302-995-3353,Reno
Madison Coleman,537-979-9195,Richmond
Jacqueline Barnes,321-930-8964,North Las Vegas
Joseph Hayes,789-226-7168,Baton Rouge
Nancy Roberts,627-384-5696,Spokane
Natalie Patterson,411-858-2149,Irving
Sophia Davis,314-893-8464,Minneapolis
Mark Woods,900-602-1715,Honolulu
Grace Rivera,254-555-2633,Tulsa
Linda Butler,964-276-1732,Chicago
Benjamin West,271-522-2167,Fort Worth
Hannah Patterson,371-335-3125,Lincoln
Bobby Allen,676-435-9511,Scottsdale
Patrick Alvarez,717-662-9050,Albuquerque
Hannah Lopez,220-387-1238,Greensboro
Austin Stewart,277-708-1526,Dallas
Terry Torres,323-225-5700,Hialeah
Natalie Evans,312-414-2111,Miami
Judy Chavez,634-668-8044,Lubbock
Gabriel Hughes,315-622-1210,Spokane
Lauren Nelson,875-740-7017,Raleigh
Austin Cruz,960-620-3159,Richmond
Virginia Aguilar,649-863-4633,Long Beach
Russell Rivera,397-464-2390,Scottsdale
Olivia Medina,403-870-8930,Minneapolis
Jonathan Griffin,826-209-9011,Washington
Gary Henderson,971-880-2219,Tacoma
Katherine Brown,735-715-3821,Toledo
Abigail McDonald,696-847-9142,Toledo
Russell Ellis,705-733-6279,Jersey City
Alan Ruiz,993-562-2712,Tulsa
Teresa Bryant,558-895-4121,Fort Worth
Eric Kim,475-714-8719,Portland
Ethan Robinson,569-436-2704,Tacoma
Austin Castillo,672-578-8967,Wichita
Beverly Patterson,530-862-7158,Indianapolis
Sara Rivera,456-451-4459,Oklahoma City
Karen Olson,548-518-6322,Spokane
Linda Brooks,738-667-1461,Nashville
Peter Cruz,506-419-6270,Gilbert
Douglas Castro,530-298-6501,Irving
Johnny Foster,260-818-5564,Louisville
Juan Smith,639-648-3260,Bakersfield
Nicole Jackson,709-637-8592,Detroit
Patrick Harrison,313-741-3447,Long Beach
Brittany Bell,981-404-5541,El Paso
Robert Hughes,520-895-9262,San Francisco
Beverly Tucker,637-827-3238,Greensboro
Sarah Adams,969-576-9678,Saint Paul
Heather Ford,817-329-8347,San Francisco
Jack Roberts,645-203-2719,Garland
Gregory Ramirez,554-655-9835,San Antonio
Heather Wells,431-430-8911,Las Vegas
Roger Sullivan,350-876-5770,Jersey City
Kathleen Murphy,972-780-6001,Minneapolis
Harold Crawford,303-916-8239,Tampa
Aaron Cox,451-358-3328,Lincoln
Robert Evans,637-688-1188,San Diego
Jack Ross,958-891-6600,Jacksonville
Carl Patel,840-857-7106,Stockton
Elizabeth Alvarez,290-813-8271,Omaha
Frances Phillips,906-708-1532,Nashville
Jesse Bryant,545-268-5758,Henderson
Kenneth Cox,906-788-9014,Arlington
Catherine Rodriguez,815-523-2403,Lexington
Bryan Watson,844-852-8165,Garland
Nicole Reyes,346-865-7520,Washington
Ashley Lewis,693-948-1902,Tucson
Tyler Romero,784-314-2702,Indianapolis
Julia Bryant,874-542-9415,Toledo
Jason Walker,493-444-6144,Toledo
Jean Rogers,867-854-5175,Oklahoma City
Jose Gomez,380-913-1621,Boston
Bobby Gonzales,643-731-7244,Tulsa
Lori Cooper,609-911-1947,Irving
Philip Hill,219-359-8386,Honolulu
Carolyn West,833-776-3990,Gilbert
Jason Roberts,620-696-3936,San Jose
Roger Cox,591-982-2634,Fort Wayne
Andrew Cole,206-247-9799,Long Beach
Alice Jones,901-749-9641,Houston
Arthur Morgan,364-736-3804,Toledo
Sara King,795-584-4240,Reno
Janet Burns,812-757-1394,Orlando
Catherine Lee,685-355-8878,San Francisco
Jason Miller,844-870-3883,Jacksonville
Sean Hill,408-686-9212,Wichita
William Thompson,543-754-8104,Baltimore
Sandra Gibson,856-935-7861,Reno
George Thomas,503-955-8808,Reno
Vincent Hayes,756-830-1207,Raleigh
Ruth Green,458-557-4018,Garland
Susan Coleman,748-538-7989,Aurora
Ronald Lopez,770-413-4799,Charlotte
Isabella Fernandez,750-789-8502,Tulsa
Jeffrey Alvarez,675-636-3500,Albuquerque
Christian Robinson,467-777-5358,Chicago
Sara Romero,692-429-7713,Charlotte
Janet Castillo,396-413-5907,Hialeah
Joshua Martin,359-799-9955,Miami
Steven Myers,449-427-4485,Sacramento
Brittany Robinson,657-481-9608,Colorado Springs
Andrew Patterson,445-610-1029,Stockton
Daniel Rodriguez,354-576-8011,Atlanta
Elizabeth Gutierrez,786-968-2524,Long Beach
Patricia Sullivan,840-586-7497,Anchorage
Julie Edwards,272-216-1270,Plano
Emma Wells,208-392-1573,Oakland
Timothy Stewart,657-518-1279,Indianapolis
Sharon Morales,854-968-3347,Louisville
Lauren Cook,259-917-8245,Long Beach
Linda Price,472-637-9404,Richmond
Stephen Price,965-441-9650,Garland
Olivia Powell,299-801-8513,Buffalo
Joshua Ramos,907-271-1138,El Paso
Gloria Fernandez,256-230-6089,Irving
Sophia Stevens,673-261-1605,Arlington
Jack Simpson,910-780-5947,Greensboro
Ryan Sanders,581-739-7823,Lincoln
Christina Sullivan,553-739-6687,Garland
Willie Davis,918-947-2640,Reno
Anna Harrison,663-749-6346,Spokane
Marilyn Fernandez,972-461-7923,Houston
Heather Cox,661-302-4179,Philadelphia
Richard Turner,727-453-7962,Mesa
Jordan Foster,221-443-2051,Chandler
Emma Foster,204-799-3887,Columbus
Stephanie Rogers,797-580-4979,Norfolk
Frank Hunter,295-204-7283,Plano
William Guzman,797-917-5220,Laredo
Bruce Wright,627-574-7555,Los Angeles
Dennis Barnes,705-664-1352,Jersey City
Charlotte Jones,883-236-3905,Colorado Springs
Jacqueline Bailey,430-944-9307,Greensboro
Kimberly Gomez,613-254-1081,Riverside
Deborah Johnson,578-214-1877,Glendale
William Watson,292-565-8896,Arlington
Samantha Gray,285-832-5177,St. Petersburg
Daniel Hunter,791-481-5387,Irving
Kayla Simmons,237-634-1426,Omaha
Alexis Reed,692-356-8064,Tulsa
Jason Ellis,641-634-3441,Saint Paul
Ralph Gray,850-341-1544,Glendale
Mary Chen,458-569-6821,Oklahoma City
Kyle Brown,988-838-7665,Kansas City
Joseph Gonzales,654-717-3554,Pittsburgh
Brandon Walker,897-484-9111,Omaha
Kathryn Gonzales,622-471-9964,Garland
Michelle Rivera,567-201-3552,Detroit
Sandra Phillips,985-786-2512,Spokane
Zachary Coleman,444-550-8071,Greensboro
James Ortiz,951-856-7649,Oakland
Teresa Gonzalez,611-578-8898,Madison
Kayla Reyes,698-670-4004,New York
Carolyn Gibson,580-682-6730,Arlington
Amanda West,243-929-1830,Phoenix
Denise Hall,455-819-8093,New Orleans
Jessica Gibson,755-910-4061,El Paso
Amy Gonzales,808-772-3704,Pittsburgh
Lisa Stevens,680-369-2301,Norfolk
Jesse Medina,897-350-2513,Columbus
Thomas Wells,435-288-2649,San Antonio
Susan Wallace,525-391-8677,Washington
Betty Gonzales,457-492-7862,Bakersfield
Lori Rivera,526-948-6526,Hialeah
John Kim,990-421-9738,Toledo
Dennis Cooper,850-785-7754,Colorado Springs
Thomas Kennedy,270-750-1203,Richmond
Betty Hughes,498-482-6224,Scottsdale
Albert Long,970-966-2041,Glendale
Emily Russell,885-715-5321,Charlotte
Dennis Allen,646-575-1660,Wichita
Stephen Marshall,747-776-8182,Lincoln
Kimberly Ramirez,434-530-6209,Boise
Maria Mendoza,913-670-2933,Anchorage
Bruce Myers,916-249-2795,Arlington
Jose Ortiz,591-725-7676,Corpus Christi
Rebecca Phillips,324-593-7845,Miami
Sean Gonzalez,233-932-7992,Orlando
Jesse Sanders,251-394-2722,Durham
Susan Reed,927-295-9890,Mesa
Mark Rogers,992-372-2243,Irvine
Douglas Ford,854-728-8334,Albuquerque
Joe Wells,580-876-5897,New York
Ryan Thompson,404-658-8694,New Orleans
Joshua Richardson,683-213-7834,Pittsburgh
Walter Brown,803-661-9207,Columbus
Jessica Medina,641-593-3185,Laredo
Charlotte Wallace,660-222-8690,Orlando
Janice Chen,256-971-3700,Sacramento
Amber Henderson,434-377-1541,Newark
Jason Guzman,461-816-6057,Garland
Dylan Jones,226-673-8116,Phoenix
Billy Garcia,401-767-8184,Charlotte
Doris Harris,893-638-4365,Stockton
Evelyn Thompson,772-690-6183,Nashville
Joyce Alvarez,705-504-4607,Richmond
Carol Jordan,615-426-8305,Portland
Timothy Turner,472-678-7864,Lexington
Frances Diaz,630-584-4550,Oklahoma City
Peter Morales,632-736-8760,Fresno
Mary McDonald,365-437-2461,Atlanta
Roy Ward,565-512-1456,Baltimore
Evelyn Wallace,600-495-4795,Honolulu
Brenda Long,955-486-2608,Omaha
Michelle Alexander,630-894-3079,Anaheim
Stephen Owens,324-378-4810,Indianapolis
Gloria Kennedy,325-509-4218,Denver
Joshua Wilson,597-232-2404,Houston
Laura Jones,743-350-1747,Honolulu
Sharon Hayes,397-711-2820,Indianapolis
Tyler Jones,216-298-4622,Scottsdale
Eugene Sanchez,373-782-7661,Spokane
Douglas Ross,643-564-7826,Tampa
Charlotte Hall,360-724-4758,Charlotte
Helen Davis,897-351-4899,Memphis
Kelly Lee,398-596-3747,Newark
Debra Perry,986-315-1246,Chesapeake
Ryan Flores,924-671-6004,Winston-Salem
Eric Rivera,243-522-5908,Reno
Michelle Ramos,859-232-4024,Minneapolis
Jonathan Scott,655-756-5422,New York
Nicholas Gibson,450-685-4774,Los Angeles
Diana Diaz,766-557-8694,Atlanta
Ethan Medina,210-313-4194,Los Angeles
Tyler Bell,540-485-1224,Boston
David Diaz,571-897-6833,St. Petersburg
Aaron Butler,993-451-8139,Laredo
Randy Cole,624-747-2854,Columbus
Karen Guzman,483-254-5752,Pittsburgh
Christian Wells,345-916-3233,Washington
Brian Marshall,305-699-9976,Columbus
Douglas Brown,989-380-2955,Lexington
Marie Johnson,378-831-3938,Fort Wayne
Paul Edwards,483-924-9318,Fort Wayne
Beverly Graham,454-809-1646,Wichita
Jean Porter,440-256-8463,Atlanta
Bobby Lewis,371-325-1505,Greensboro
Patricia Gray,348-408-6231,Chula Vista
Melissa Torres,802-939-7812,Gilbert
Noah Clark,603-767-2065,St. Petersburg
Jose Woods,254-673-8524,Boston
Brian Martinez,212-516-8219,New Orleans
Kathleen Anderson,425-437-5577,Omaha
Elijah Murphy,299-630-9579,Portland
Nathan Nelson,388-505-2746,Arlington
Sara Powell,362-878-3289,Nashville
Raymond Price,571-233-5443,Norfolk
Kelly Evans,992-988-3350,Fremont
Doris Gonzales,529-619-7814,Anaheim
Joseph Barnes,254-304-5504,Cleveland
Joan Baker,548-436-5097,Tacoma
Amber Williams,724-939-4696,San Diego
Doris Allen,212-376-5316,Buffalo
Jerry Barnes,812-373-9134,Atlanta
Margaret Olson,909-867-2928,Fremont
Kathleen Miller,535-492-7363,Toledo
Benjamin Ruiz,846-923-8095,Wichita
Albert Tran,951-818-3938,El Paso
Bruce Martin,267-579-3573,Tacoma
Julie Taylor,936-912-3821,Honolulu
Emma Ramos,804-804-8299,Jersey City
Jeffrey Ross,591-649-2588,El Paso
Ronald Bennett,922-453-8546,Mesa
Angela Jordan,512-483-4369,Memphis
Nicholas Hernandez,375-825-4580,Arlington
Catherine Ford,653-927-4760,Irvine
Nicholas Simmons,602-980-1201,Santa Ana
Kenneth Ramos,368-986-7157,Jacksonville
Larry Powell,521-305-6352,San Jose
Denise Hamilton,529-521-5466,Madison
Deborah Murphy,893-672-7845,Mesa
